{
  "pnt_10k": {
    "x": 10000,
    "pi_actual": 1229,
    "pi_classical": 1085.7362047581294,
    "pi_fixed": 1163.8318693478832,
    "err_classical": 143.26379524187064,
    "err_fixed": 65.16813065211682,
    "improvement": 2.198372023384364,
    "inequality_holds": false
  },
  "pnt_100k": {
    "x": 100000,
    "pi_actual": 9592,
    "pi_classical": 8685.889638065037,
    "pi_fixed": 9178.613684979275,
    "err_classical": 906.1103619349633,
    "err_fixed": 413.3863150207253,
    "improvement": 2.1919215247595583,
    "inequality_holds": false
  },
  "pnt_1M": {
    "x": 1000000,
    "pi_actual": 78498,
    "pi_classical": 72382.41365054197,
    "pi_fixed": 75772.06102662762,
    "err_classical": 6115.586349458026,
    "err_fixed": 2725.93897337238,
    "improvement": 2.243478819297324,
    "inequality_holds": true
  },
  "scaled_error": {
    "scales": [
      10000,
      100000,
      1000000,
      10000000
    ],
    "scaled_errors": [
      600.2206647114101,
      4759.285833072313,
      37660.23866699241,
      313017.8702036887
    ],
    "mean": 89009.40384211621,
    "std": 130125.70443659434,
    "bound_C": 573269.2790768774,
    "converges": false
  },
  "error_bound": {
    "C": 344319.6572240576,
    "C_values": [
      600.2206647114101,
      4759.285833072313,
      37660.23866699241,
      313017.8702036887
    ],
    "all_holds": true
  },
  "gue_golden": {
    "s": 1.618033988749895,
    "density": 0.3027994351882555,
    "expected": 0.312,
    "error": 0.009200564811744527
  },
  "gue_theoretical": {
    "s": 0.8862269254527579,
    "density": 0.9367973043891067,
    "expected": 0.484,
    "error": 0.4527973043891067
  },
  "gue_normalized": {
    "numerical_integral": 0.9999999999999996,
    "symbolic_integral": 1.0,
    "error": 4.440892098500626e-16
  },
  "gue_mode": {
    "s_max_numerical": 0.8854854854854854,
    "s_max_theoretical": 0.8862269254527579,
    "error": 0.0007414399672724947,
    "max_density": 0.9367959926163666
  },
  "gue_unique": {
    "s": 0.8862269254527579,
    "second_derivative": -4.771069493398055,
    "is_negative": true
  },
  "gue_decreasing": {
    "all_negative": true
  },
  "gue_increasing": {
    "all_positive": true
  }
}