{
  "statement_8_verification": [
    {
      "scale": 10000,
      "exponent": -0.4124231285522276,
      "r2": 0.18876771605053605,
      "diff_from_ln_sigma2": 0.4689504584673153,
      "twin_primes": 205,
      "twin_gaps": 204
    },
    {
      "scale": 50000,
      "exponent": -0.7941956061897851,
      "r2": 0.37580293041260693,
      "diff_from_ln_sigma2": 0.0871779808297578,
      "twin_primes": 705,
      "twin_gaps": 704
    },
    {
      "scale": 100000,
      "exponent": -0.8686815586847254,
      "r2": 0.39988960882184166,
      "diff_from_ln_sigma2": 0.012692028334817529,
      "twin_primes": 1224,
      "twin_gaps": 1223
    },
    {
      "scale": 200000,
      "exponent": -1.0445704411014471,
      "r2": 0.4666369185322133,
      "diff_from_ln_sigma2": 0.1631968540819042,
      "twin_primes": 2160,
      "twin_gaps": 2159
    }
  ],
  "unified_formulation": {
    "slope1": -1.4457557618802088,
    "alpha4": -0.9360277043420572,
    "slope8": -0.8686815586847254,
    "ln_sigma2": 0.8813735870195429
  },
  "ln_sigma2": 0.8813735870195429,
  "ln_sigma1": 0.48121182505960347,
  "ln_sigma3": 1.1947632172871094
}