{
  "statement_1": {
    "measured": -1.4457557618802088,
    "best_match": "-\u03c3\u2081",
    "best_value": -1.618033988749895,
    "best_diff": 0.17227822686968608,
    "r2": 0.33476714348981784
  },
  "statement_4": {
    "measured": -0.9360277043420572,
    "best_match": "-ln(\u03c3\u2082)",
    "best_value": -0.8813735870195429,
    "best_diff": 0.05465411732251424,
    "r2": 0.8684183744016105
  },
  "statement_8": {
    "measured": -0.8686815586847254,
    "best_match": "-ln(\u03c3\u2082)",
    "best_value": -0.8813735870195429,
    "best_diff": 0.012692028334817529,
    "r2": 0.39988960882184166
  }
}